,Actual Rating,Lower Bound on Predicted Rating,Upper Bound on Predicted Rating
0,4.2,3.75,4.43
1,3.8,3.92,4.61
2,4.7,4.03,4.72
3,4.3,3.97,4.66
4,4.2,3.73,4.42
5,4.5,3.78,4.46
6,4.1,3.94,4.63
7,3.8,3.6,4.29
8,4.6,3.87,4.55
9,4.7,3.8,4.49
10,2.9,3.76,4.45
11,4.8,3.98,4.66
12,4.0,3.77,4.46
13,4.7,3.85,4.54
14,3.0,3.76,4.45
15,5.0,4.09,4.78
16,4.3,3.81,4.5
17,3.9,3.94,4.63
18,3.9,3.88,4.57
19,4.6,3.82,4.51
20,4.3,3.67,4.36
21,4.5,3.8,4.48
22,3.9,3.69,4.38
23,3.3,3.77,4.46
24,4.0,3.69,4.38
25,3.9,3.84,4.53
26,4.9,3.94,4.63
27,4.2,3.54,4.23
28,4.2,3.8,4.49
29,4.3,3.77,4.46
30,4.8,3.89,4.57
31,4.2,3.9,4.58
32,4.4,3.7,4.39
33,4.9,3.65,4.34
34,4.1,3.74,4.43
35,4.2,3.97,4.66
36,3.8,3.81,4.5
37,4.2,3.98,4.67
38,4.2,3.81,4.5
39,4.0,3.51,4.2
40,3.7,3.78,4.46
41,4.2,3.88,4.57
42,3.7,3.74,4.43
43,4.4,4.16,4.85
44,4.6,3.99,4.67
45,4.2,3.91,4.6
46,3.3,3.65,4.34
47,4.6,3.9,4.59
48,5.0,3.85,4.54
49,4.3,4.02,4.71
50,4.6,3.91,4.6
51,3.7,3.8,4.49
52,3.9,3.76,4.45
53,5.0,3.84,4.52
54,4.1,3.95,4.64
55,4.3,3.96,4.64
56,5.0,3.85,4.54
57,3.8,3.45,4.14
58,4.0,3.82,4.51
59,4.2,3.93,4.61
60,3.8,3.68,4.37
61,4.5,3.78,4.46
62,4.3,3.71,4.4
63,4.4,3.96,4.64
64,4.1,3.82,4.51
65,4.6,3.56,4.25
66,4.5,3.95,4.64
67,4.4,3.82,4.51
68,4.5,3.9,4.59
69,4.5,3.93,4.61
70,3.7,3.76,4.45
71,3.5,3.96,4.64
72,3.0,4.02,4.71
73,4.0,3.78,4.47
74,3.1,3.82,4.51
75,4.2,3.72,4.41
76,4.0,3.96,4.65
77,4.1,3.63,4.31
78,4.6,3.5,4.19
79,4.3,3.81,4.5
80,3.8,3.77,4.46
81,4.7,3.73,4.42
82,4.0,3.88,4.57
83,2.8,3.16,3.85
84,4.5,3.92,4.61
85,4.3,4.12,4.81
86,4.4,3.63,4.32
87,3.6,3.77,4.46
88,4.0,3.82,4.5
89,1.0,3.68,4.36
90,4.7,4.03,4.72
91,4.2,3.84,4.53
92,4.2,3.68,4.36
93,4.1,3.71,4.4
94,4.2,3.91,4.6
95,4.2,3.89,4.58
96,4.1,3.73,4.42
97,4.1,3.53,4.22
98,5.0,3.86,4.55
99,4.4,3.66,4.34
100,4.2,3.57,4.26
101,4.0,3.55,4.24
102,4.7,3.53,4.22
103,4.5,3.66,4.35
104,5.0,3.68,4.37
105,3.9,3.78,4.46
106,3.9,4.01,4.7
107,4.3,3.82,4.5
108,4.3,3.74,4.43
109,4.2,3.74,4.43
110,4.0,3.82,4.5
111,4.4,3.8,4.49
112,2.8,3.78,4.46
113,4.0,3.52,4.2
114,4.5,3.8,4.49
115,4.5,3.82,4.51
116,3.6,3.71,4.4
117,3.5,3.63,4.32
118,4.1,3.59,4.28
119,4.1,3.86,4.54
120,4.3,3.68,4.37
121,4.5,3.82,4.51
122,3.8,3.91,4.6
123,1.0,3.54,4.23
124,4.5,3.93,4.62
125,4.0,3.87,4.55
126,4.7,3.99,4.68
127,4.4,3.86,4.55
128,4.4,3.7,4.39
129,4.3,3.67,4.35
130,4.0,3.72,4.41
131,4.2,3.77,4.45
132,1.6,3.74,4.43
133,4.4,3.69,4.38
134,3.8,3.8,4.49
135,5.0,3.73,4.42
136,4.6,3.98,4.66
137,4.4,3.61,4.29
138,4.2,3.67,4.36
139,4.5,4.47,5.16
140,4.4,3.68,4.37
141,4.4,3.65,4.34
142,4.0,3.9,4.59
143,3.5,3.56,4.25
144,3.9,3.6,4.29
145,4.4,3.77,4.46
146,4.2,3.79,4.47
147,4.3,4.26,4.95
148,4.3,3.88,4.57
149,4.5,3.83,4.52
150,4.5,3.93,4.62
151,4.2,3.88,4.56
152,5.0,3.81,4.5
153,3.0,3.93,4.62
154,4.9,3.9,4.59
155,3.7,3.67,4.36
156,4.4,4.05,4.74
157,4.2,3.9,4.59
158,3.0,3.62,4.31
159,4.9,3.85,4.54
160,4.4,3.65,4.34
161,4.0,3.79,4.48
162,4.4,3.84,4.52
163,4.5,3.89,4.57
164,3.9,3.86,4.55
165,4.7,3.75,4.44
166,4.7,3.87,4.55
167,3.4,3.87,4.56
168,3.9,3.74,4.43
169,4.7,4.04,4.73
170,4.5,3.98,4.67
171,4.5,3.49,4.18
172,4.2,3.84,4.53
173,4.2,3.97,4.66
174,4.1,3.8,4.49
175,4.8,3.83,4.52
176,3.8,3.87,4.56
177,4.5,3.96,4.65
178,4.6,3.66,4.34
179,4.3,3.64,4.33
180,4.3,3.94,4.63
181,4.7,3.74,4.43
182,4.5,3.88,4.57
183,4.6,3.98,4.67
184,3.7,3.85,4.54
185,4.3,3.85,4.54
186,4.6,3.75,4.44
187,4.1,3.73,4.41
188,5.0,3.74,4.43
189,3.3,3.75,4.43
190,4.5,3.91,4.6
191,4.8,3.96,4.65
192,4.6,3.71,4.39
193,3.5,3.85,4.54
194,4.1,3.69,4.38
195,4.2,3.84,4.53
196,4.3,3.93,4.62
197,4.3,3.96,4.65
198,4.7,3.78,4.46
199,4.4,3.8,4.49
200,4.3,4.04,4.73
201,3.6,3.81,4.5
202,2.4,3.57,4.26
203,4.3,3.92,4.61
204,4.6,3.79,4.48
205,4.2,3.9,4.59
206,3.3,3.87,4.56
207,4.3,3.74,4.43
208,3.9,3.98,4.67
209,4.3,3.92,4.61
210,4.5,4.05,4.74
211,4.4,3.51,4.2
212,4.8,3.67,4.36
213,4.5,3.53,4.21
214,4.1,3.73,4.42
215,4.5,4.17,4.86
216,4.2,3.63,4.32
217,4.1,3.79,4.48
218,4.3,4.03,4.71
219,4.1,3.91,4.6
220,4.1,3.96,4.65
221,4.4,3.87,4.56
222,4.6,3.71,4.4
223,4.4,3.85,4.54
224,4.6,3.95,4.64
225,4.0,3.78,4.47
226,4.3,3.78,4.47
227,2.7,3.82,4.51
228,4.6,4.05,4.73
229,4.3,3.86,4.55
230,3.8,3.77,4.46
231,2.9,3.73,4.42
232,4.2,4.07,4.76
233,4.1,3.64,4.33
234,4.4,3.71,4.39
235,4.2,3.95,4.64
236,4.5,3.85,4.54
237,4.7,3.77,4.46
238,4.3,3.69,4.38
239,4.5,3.95,4.64
240,4.3,3.87,4.55
241,4.1,3.85,4.54
242,4.7,3.83,4.52
243,3.5,3.82,4.51
244,4.5,3.85,4.54
245,4.3,3.87,4.56
246,3.5,3.95,4.64
247,4.1,3.94,4.63
248,4.1,3.94,4.63
249,4.3,3.88,4.56
250,4.2,3.66,4.35
251,4.4,3.51,4.2
252,3.9,3.92,4.61
253,4.5,3.82,4.51
254,4.0,3.83,4.52
255,3.9,3.89,4.58
256,4.5,3.71,4.39
257,4.5,3.65,4.34
258,4.2,3.95,4.63
259,4.4,3.8,4.49
260,3.0,3.72,4.41
261,3.8,3.94,4.63
262,4.2,3.62,4.31
263,4.7,3.89,4.58
264,4.5,3.87,4.56
265,3.9,3.51,4.2
266,3.5,4.04,4.72
267,4.5,3.79,4.48
268,4.3,3.78,4.47
269,3.1,3.85,4.54
270,4.0,3.62,4.31
271,4.3,3.84,4.53
272,2.9,3.79,4.48
273,3.0,3.79,4.48
274,4.2,3.73,4.42
275,4.8,3.94,4.63
276,4.7,3.93,4.62
277,4.2,3.54,4.23
278,4.5,3.97,4.66
279,4.5,3.82,4.5
280,4.2,3.66,4.34
281,4.4,3.97,4.66
282,3.8,3.71,4.4
283,4.2,3.77,4.46
284,3.6,3.77,4.46
285,4.1,3.72,4.41
286,4.4,3.79,4.48
287,3.7,3.81,4.49
288,3.6,3.91,4.59
289,4.0,4.02,4.71
290,3.6,3.8,4.49
291,3.9,3.83,4.52
292,3.8,3.8,4.49
293,3.4,3.72,4.41
294,3.9,3.67,4.36
295,3.9,3.77,4.46
296,4.5,3.88,4.56
297,4.4,3.96,4.65
298,4.0,3.89,4.57
299,3.4,3.94,4.63
300,4.5,4.06,4.75
301,3.9,3.73,4.41
302,4.6,3.87,4.55
303,3.6,3.96,4.65
304,4.5,3.8,4.48
305,4.6,3.92,4.61
306,3.3,3.88,4.57
307,4.6,3.79,4.48
308,4.6,3.85,4.54
309,4.5,3.8,4.49
310,4.2,3.74,4.43
311,4.7,4.02,4.71
312,2.7,3.62,4.31
313,4.4,3.69,4.38
314,4.3,3.45,4.13
315,3.8,3.5,4.19
316,4.4,3.68,4.37
317,4.2,3.9,4.59
318,4.3,4.0,4.69
319,5.0,3.69,4.38
320,3.7,3.84,4.53
321,4.5,3.77,4.45
322,4.6,3.87,4.55
323,4.0,3.86,4.54
324,3.4,3.81,4.5
325,4.2,3.78,4.46
326,3.9,3.89,4.57
327,4.3,3.94,4.63
328,3.8,3.69,4.38
329,4.4,3.69,4.38
330,3.4,3.54,4.23
331,4.3,3.79,4.48
332,5.0,3.85,4.54
333,3.6,3.6,4.29
334,4.3,3.85,4.54
335,3.6,3.64,4.32
336,1.4,3.81,4.5
337,4.3,3.77,4.45
338,4.1,3.71,4.4
339,4.7,4.04,4.73
340,3.4,3.75,4.44
341,3.9,3.6,4.29
342,4.3,4.02,4.71
343,4.4,3.83,4.52
344,3.8,3.59,4.28
345,4.4,3.81,4.5
346,4.7,3.66,4.35
347,4.2,3.9,4.59
348,4.2,4.17,4.85
349,4.7,3.81,4.5
350,4.2,3.58,4.27
351,4.5,3.71,4.4
352,4.2,3.76,4.45
353,4.3,3.57,4.26
354,4.3,3.95,4.64
355,3.7,3.9,4.59
356,3.9,3.54,4.23
357,4.2,3.82,4.51
358,4.4,3.71,4.39
359,3.9,3.86,4.55
360,3.7,3.66,4.35
361,3.5,3.56,4.25
362,4.3,3.98,4.66
363,4.5,3.97,4.66
364,4.2,3.77,4.45
365,4.4,3.94,4.63
366,4.2,3.96,4.64
367,4.5,3.84,4.53
368,4.4,3.9,4.59
369,3.7,3.75,4.44
370,4.8,3.85,4.54
371,4.2,3.67,4.36
372,3.1,3.96,4.64
373,2.9,3.72,4.41
374,4.6,3.95,4.64
375,4.6,3.96,4.65
376,4.0,3.71,4.4
377,4.4,3.84,4.52
378,4.5,3.89,4.57
379,4.3,3.69,4.38
380,4.8,3.84,4.53
381,2.9,3.81,4.5
382,4.2,3.7,4.39
383,3.9,3.78,4.46
384,5.0,3.94,4.63
385,4.1,3.62,4.31
386,4.4,3.91,4.59
387,5.0,4.02,4.71
388,3.6,3.66,4.34
389,4.0,3.74,4.43
390,4.4,3.77,4.45
391,4.4,3.74,4.43
392,4.2,4.24,4.92
393,2.8,3.83,4.52
394,3.3,3.86,4.54
395,4.3,3.78,4.47
396,4.1,3.83,4.52
397,3.6,3.66,4.35
398,4.8,3.77,4.46
399,4.7,3.94,4.63
400,4.0,3.68,4.37
401,3.8,3.66,4.35
402,4.7,4.07,4.76
403,4.6,3.85,4.54
404,3.2,3.86,4.55
405,4.0,3.73,4.41
406,4.1,3.91,4.6
407,4.3,3.85,4.54
408,4.8,3.8,4.49
409,4.0,3.8,4.48
410,4.4,3.73,4.42
411,4.4,3.73,4.42
412,4.5,3.8,4.49
413,4.3,3.8,4.48
414,4.6,3.96,4.65
415,4.1,3.73,4.42
416,4.6,3.99,4.68
417,4.6,3.73,4.42
418,3.6,3.73,4.42
419,3.5,3.91,4.6
420,4.6,3.87,4.56
421,4.5,3.82,4.51
422,4.5,4.27,4.95
423,4.3,3.64,4.33
424,4.2,3.82,4.5
425,4.8,3.76,4.45
426,4.6,4.02,4.71
427,4.4,3.76,4.45
428,4.3,4.03,4.72
429,4.5,3.64,4.33
430,4.7,4.13,4.82
431,4.4,3.86,4.54
432,3.9,3.68,4.37
433,4.3,3.73,4.42
434,4.6,4.07,4.76
435,4.5,3.8,4.49
436,4.1,3.67,4.36
437,4.5,-28768805398722.16,-28768805398721.47
438,3.9,3.94,4.63
439,4.5,3.77,4.45
440,4.3,3.65,4.34
441,4.5,3.93,4.62
442,4.4,3.72,4.41
443,3.4,3.63,4.32
444,3.0,3.73,4.42
445,3.7,3.72,4.41
446,4.5,3.81,4.5
447,4.4,3.82,4.51
448,4.0,3.66,4.35
449,4.6,3.73,4.41
450,3.5,3.73,4.41
451,3.9,3.7,4.39
452,4.3,4.11,4.8
453,4.2,4.18,4.87
454,5.0,3.78,4.47
455,4.4,3.88,4.57
456,4.1,3.94,4.63
457,4.8,3.81,4.5
458,4.6,3.95,4.64
459,4.2,3.85,4.54
460,4.6,3.86,4.55
461,3.4,3.98,4.67
462,3.6,3.76,4.45
463,3.8,3.53,4.22
464,4.3,3.9,4.59
465,4.5,4.0,4.69
466,4.4,3.93,4.62
467,3.9,3.59,4.28
468,4.5,3.88,4.57
469,4.4,3.76,4.45
470,3.9,3.68,4.36
471,4.6,3.71,4.4
472,4.4,3.75,4.43
473,4.9,3.73,4.41
474,4.6,3.84,4.53
475,4.7,3.96,4.64
476,4.4,4.02,4.71
477,4.3,3.77,4.46
478,3.3,3.61,4.29
479,3.5,3.72,4.41
480,3.1,3.67,4.36
481,4.5,3.92,4.61
482,4.8,3.94,4.63
483,4.2,3.81,4.5
484,4.9,3.78,4.47
485,3.8,3.91,4.6
486,3.8,3.66,4.35
487,4.4,3.67,4.36
488,4.5,3.85,4.54
489,4.4,3.82,4.51
490,3.3,3.47,4.15
491,4.6,3.78,4.47
492,4.5,3.84,4.53
493,4.1,4.03,4.72
494,4.4,3.46,4.15
495,3.8,3.67,4.36
496,3.3,3.92,4.61
497,4.4,3.93,4.62
498,4.2,3.61,4.29
499,3.9,3.58,4.27
500,4.9,3.84,4.53
501,4.8,3.92,4.61
502,4.8,3.84,4.52
503,3.8,3.82,4.5
504,4.5,3.82,4.5
505,4.6,3.95,4.64
506,4.0,3.82,4.5
507,3.2,3.78,4.47
508,3.7,3.86,4.55
509,4.6,4.19,4.88
510,3.7,4.14,4.83
511,4.2,3.71,4.39
512,4.5,3.69,4.38
513,4.7,3.87,4.56
514,3.5,3.84,4.53
515,3.0,3.59,4.28
516,4.5,3.94,4.63
517,4.6,3.96,4.65
518,4.7,3.75,4.44
519,3.7,3.85,4.54
520,4.0,3.86,4.54
521,4.0,3.67,4.36
522,4.4,3.69,4.38
523,5.0,3.96,4.65
524,4.5,3.94,4.63
525,4.4,3.75,4.44
526,4.6,3.75,4.44
527,4.6,3.73,4.42
528,3.2,3.83,4.52
529,4.2,3.75,4.44
530,4.2,3.81,4.5
531,4.4,3.64,4.32
532,3.1,3.79,4.48
533,4.8,3.77,4.46
534,4.4,3.92,4.61
535,4.3,3.74,4.43
536,4.1,3.96,4.65
537,5.0,3.86,4.55
538,4.4,3.9,4.59
539,3.6,3.77,4.45
540,3.3,3.92,4.61
541,4.6,4.02,4.7
542,4.7,3.71,4.4
543,3.2,3.66,4.35
544,4.3,4.15,4.84
545,4.3,3.74,4.43
546,4.6,3.63,4.32
547,3.3,3.75,4.43
548,4.6,3.77,4.45
549,4.2,3.96,4.65
550,3.7,3.69,4.38
551,3.0,3.72,4.41
552,4.0,3.67,4.36
553,4.3,3.91,4.6
554,3.9,3.65,4.34
555,4.8,4.17,4.86
556,4.4,3.64,4.32
557,4.3,3.65,4.34
558,4.0,3.8,4.48
559,4.8,3.76,4.45
560,3.6,3.72,4.4
561,4.1,3.82,4.51
562,3.1,3.73,4.42
563,5.0,3.91,4.6
564,4.3,3.78,4.46
565,4.5,3.85,4.54
566,4.1,3.61,4.3
567,4.6,3.94,4.63
568,4.5,3.83,4.52
569,4.5,3.84,4.53
570,4.6,3.98,4.67
571,4.5,3.9,4.59
572,3.7,3.71,4.4
573,3.7,3.96,4.64
574,4.6,4.18,4.86
575,3.5,3.8,4.49
576,4.7,3.79,4.48
577,4.4,5462752842555.9,5462752842556.58
578,4.3,3.79,4.48
579,4.5,3.7,4.39
580,4.6,3.66,4.34
581,4.2,3.72,4.41
582,4.6,3.77,4.46
583,4.1,3.91,4.6
584,3.7,3.79,4.48
585,4.2,3.63,4.32
586,4.2,3.94,4.63
587,4.5,4.0,4.69
588,4.1,3.8,4.48
589,3.4,3.81,4.5
590,4.5,3.75,4.43
591,5.0,3.87,4.56
592,3.8,3.72,4.41
593,4.0,3.53,4.22
594,4.2,3.96,4.64
595,4.6,3.68,4.37
596,4.4,3.94,4.63
597,4.2,3.65,4.34
598,4.6,4.17,4.86
599,4.5,3.53,4.21
600,4.5,3.95,4.64
601,3.2,3.93,4.62
602,3.5,3.6,4.29
603,3.8,3.74,4.43
604,4.6,3.73,4.42
605,4.1,3.66,4.35
606,4.5,3.81,4.5
607,4.6,3.88,4.57
608,4.2,3.9,4.59
609,4.2,3.71,4.4
610,3.9,3.85,4.54
611,4.2,3.87,4.56
612,4.2,4.02,4.7
613,5.0,3.85,4.54
614,4.2,3.78,4.47
615,4.6,3.85,4.54
616,4.1,3.74,4.43
617,4.4,3.7,4.39
618,4.7,3.83,4.52
619,2.8,3.66,4.35
620,2.8,3.6,4.29
621,4.6,3.58,4.27
622,1.8,3.7,4.39
623,4.5,3.96,4.65
624,4.3,3.98,4.67
625,2.9,3.92,4.61
626,4.1,3.68,4.37
627,4.5,3.81,4.5
628,2.5,3.74,4.43
629,4.7,3.86,4.55
630,4.0,3.89,4.58
631,4.8,3.95,4.64
632,4.0,3.66,4.35
633,3.6,3.78,4.46
634,4.1,3.59,4.28
635,4.4,3.79,4.48
636,4.4,3.72,4.41
637,4.6,3.83,4.51
638,3.9,3.61,4.3
639,4.3,3.94,4.63
640,4.7,3.63,4.32
641,4.5,3.8,4.49
642,4.3,3.94,4.63
643,4.5,3.71,4.4
644,4.2,3.6,4.29
645,4.5,3.83,4.52
646,4.2,4.04,4.73
647,3.7,3.33,4.02
648,4.3,3.88,4.57
649,3.9,3.92,4.61
650,4.6,3.81,4.5
651,4.4,4.09,4.78
652,4.1,3.66,4.35
653,4.0,3.62,4.31
654,4.0,3.82,4.51
655,3.7,3.86,4.54
656,3.6,3.66,4.34
657,4.0,3.58,4.27
658,4.0,3.72,4.41
659,3.9,3.8,4.49
660,4.5,5462752842555.9,5462752842556.59
661,4.4,3.75,4.44
662,4.0,4.06,4.75
663,3.7,3.83,4.52
664,4.6,3.92,4.61
665,4.1,3.78,4.46
666,4.2,3.97,4.66
667,4.3,3.85,4.54
668,4.3,4.01,4.7
669,4.2,3.81,4.5
670,3.8,3.72,4.41
671,4.0,3.57,4.26
672,4.7,3.89,4.58
673,4.0,3.64,4.33
674,4.5,3.97,4.65
675,3.7,3.49,4.18
676,4.3,3.73,4.42
677,3.3,3.98,4.67
678,4.4,3.78,4.47
679,4.6,3.75,4.44
680,3.6,4.01,4.7
681,3.0,3.37,4.06
682,4.5,3.95,4.64
683,3.9,3.75,4.44
684,4.2,3.94,4.63
685,4.5,4.08,4.77
686,3.9,3.7,4.39
687,4.3,3.73,4.42
688,2.2,3.67,4.36
689,5.0,3.73,4.42
690,4.0,3.8,4.48
691,2.8,3.48,4.17
692,4.6,3.81,4.5
693,4.2,3.92,4.61
694,3.8,4.05,4.74
695,4.5,4.09,4.78
696,4.6,3.39,4.07
697,3.8,3.86,4.55
698,4.3,3.3,3.98
699,4.0,3.96,4.64
700,5.0,3.62,4.3
701,4.1,4.03,4.71
702,4.0,3.83,4.52
703,4.6,3.74,4.43
704,4.1,3.74,4.43
705,4.0,3.63,4.32
706,2.6,3.83,4.52
707,4.4,3.74,4.43
708,4.4,3.99,4.68
709,3.6,3.58,4.27
710,4.3,4.04,4.73
711,4.1,3.85,4.54
712,4.2,3.69,4.38
713,3.7,3.68,4.37
714,4.0,3.64,4.32
715,4.3,3.75,4.44
716,4.6,3.96,4.65
717,2.8,3.91,4.6
718,4.5,4.12,4.81
719,3.4,3.75,4.44
720,4.7,3.8,4.49
721,4.2,3.87,4.56
722,4.5,3.83,4.52
723,4.6,4.24,4.93
724,4.4,4.01,4.7
725,4.5,3.85,4.54
726,4.6,4.02,4.7
727,3.2,3.78,4.47
728,4.3,3.84,4.53
729,4.7,3.8,4.48
730,4.4,4.03,4.72
731,3.5,3.7,4.39
732,3.3,3.68,4.37
733,4.3,3.71,4.4
734,4.1,3.39,4.07
735,4.6,4.19,4.88
736,3.7,3.56,4.25
737,4.6,3.96,4.65
738,4.4,3.82,4.5
739,4.2,3.66,4.35
740,4.1,3.85,4.54
741,4.3,3.84,4.52
742,4.2,3.9,4.58
743,4.3,3.59,4.28
744,4.4,3.87,4.56
745,3.5,3.71,4.39
746,4.6,3.5,4.19
747,5.0,3.73,4.41
748,4.6,3.67,4.36
749,4.4,3.94,4.63
750,4.2,3.99,4.68
751,4.3,3.68,4.36
752,4.6,3.78,4.46
753,3.8,3.87,4.55
754,4.7,3.71,4.4
755,5.0,3.95,4.64
756,4.4,3.84,4.53
757,4.7,3.87,4.55
758,4.4,3.68,4.36
759,4.2,3.98,4.67
760,4.5,4.04,4.73
761,4.6,3.94,4.63
762,4.3,3.81,4.5
763,3.7,3.57,4.26
764,3.5,4.06,4.75
765,4.7,3.79,4.48
766,4.1,3.75,4.44
767,4.4,2788652034708.51,2788652034709.19
768,4.6,3.83,4.52
769,4.6,3.91,4.6
770,3.7,3.79,4.48
771,3.2,4.02,4.71
772,4.6,3.83,4.51
773,4.2,3.74,4.43
774,4.3,3.65,4.34
775,4.5,3.82,4.5
776,4.1,4.08,4.77
777,5.0,3.88,4.57
778,4.5,3.94,4.63
779,3.9,3.91,4.6
780,3.7,3.83,4.52
781,4.5,4.07,4.75
782,4.3,3.63,4.31
783,4.7,3.77,4.46
784,3.9,3.55,4.24
785,5.0,3.77,4.46
786,4.5,3.87,4.56
787,4.5,3.86,4.55
788,4.7,3.82,4.51
789,4.7,3.47,4.16
790,4.0,3.83,4.52
791,4.2,3.36,4.04
792,4.1,3.66,4.35
793,3.9,3.93,4.62
794,4.5,3.73,4.41
795,4.4,3.89,4.58
796,4.5,4.09,4.78
797,4.4,3.79,4.48
798,4.2,3.7,4.39
799,4.0,3.81,4.49
800,4.0,3.85,4.54
801,4.1,3.74,4.43
802,3.5,3.84,4.53
803,3.3,3.67,4.35
804,4.6,4.09,4.78
805,4.2,3.95,4.64
806,4.2,3.97,4.66
807,4.5,3.94,4.63
808,4.5,3.93,4.62
809,3.0,3.57,4.25
810,4.1,3.67,4.36
811,4.0,3.71,4.4
812,4.8,4.13,4.82
813,4.2,3.91,4.6
814,5.0,3.77,4.46
815,3.7,3.78,4.47
816,4.0,3.68,4.36
817,4.1,3.59,4.27
818,4.5,3.77,4.46
819,4.1,3.71,4.4
820,4.4,3.72,4.41
821,4.5,3.75,4.44
822,3.0,3.84,4.53
823,4.2,3.74,4.43
824,3.9,143294471225080.16,143294471225080.84
825,4.0,3.82,4.51
826,4.6,3.59,4.28
827,4.5,3.85,4.54
828,4.3,4.14,4.82
829,4.9,3.95,4.64
830,4.2,3.62,4.31
831,4.5,3.91,4.6
832,4.4,3.79,4.48
833,2.2,3.74,4.42
834,4.0,4.08,4.77
835,3.6,3.66,4.35
836,4.4,4.1,4.79
837,4.2,3.66,4.34
838,3.7,3.83,4.52
839,4.7,3.75,4.44
840,4.7,4.11,4.79
841,4.2,3.73,4.42
842,4.6,3.96,4.65
843,4.4,3.91,4.59
844,4.6,3.73,4.42
845,4.5,3.89,4.58
846,4.5,4.19,4.87
847,4.3,3.94,4.63
848,4.5,4.02,4.71
849,3.5,3.64,4.33
850,4.7,3.86,4.54
851,3.7,3.8,4.49
852,3.8,3.64,4.33
853,4.7,3.68,4.36
854,4.1,4.03,4.71
855,4.7,3.67,4.36
856,4.5,4.07,4.76
857,3.7,3.87,4.56
858,3.6,3.88,4.57
859,4.7,3.39,4.08
860,4.7,3.84,4.53
861,4.5,3.73,4.42
862,4.0,3.85,4.54
863,4.0,3.78,4.46
864,4.1,3.75,4.44
865,4.4,3.84,4.53
866,4.6,3.85,4.54
867,3.9,3.96,4.65
868,4.4,3.86,4.55
869,3.7,3.73,4.42
870,4.8,4.04,4.72
871,2.7,3.78,4.46
872,3.8,3.96,4.64
873,3.6,3.74,4.43
874,4.2,3.86,4.54
875,3.9,3.6,4.29
876,4.2,3.61,4.3
877,3.4,3.84,4.53
878,4.4,3.58,4.27
879,4.1,3.93,4.62
880,4.7,3.92,4.61
881,4.4,3.86,4.54
882,4.5,3.88,4.57
883,3.7,3.81,4.49
884,4.3,3.39,4.07
885,4.7,3.78,4.47
886,3.9,3.33,4.02
887,4.0,3.41,4.1
888,4.8,4.05,4.74
889,4.1,3.78,4.46
890,4.6,3.8,4.49
891,3.8,3.86,4.54
892,4.1,4.0,4.68
893,4.3,4.03,4.72
894,4.8,4.11,4.8
895,4.1,4.01,4.7
896,5.0,3.9,4.59
897,4.8,3.84,4.53
898,4.2,3.76,4.45
899,4.1,3.83,4.52
900,3.7,3.9,4.59
901,4.4,3.62,4.3
902,4.4,3.74,4.43
903,3.3,3.64,4.33
904,4.8,3.64,4.33
905,3.9,3.69,4.38
906,4.6,-6229789578416.45,-6229789578415.76
907,4.5,3.92,4.61
908,4.8,3.7,4.39
909,4.5,3.99,4.68
910,4.3,3.96,4.65
911,4.3,3.96,4.65
912,4.1,3.77,4.46
913,4.5,4.09,4.78
914,3.9,3.5,4.19
915,4.2,3.82,4.51
916,4.1,3.72,4.41
917,3.8,3.72,4.41
918,4.6,3.66,4.35
919,4.2,3.78,4.46
920,4.3,3.61,4.3
921,3.6,3.67,4.35
922,4.0,3.74,4.43
923,4.3,3.77,4.46
924,3.1,4.05,4.74
925,4.6,3.95,4.63
926,4.2,3.82,4.51
927,3.4,3.74,4.43
928,3.9,3.7,4.39
929,4.5,3.94,4.63
930,4.5,4.03,4.72
931,4.4,3.65,4.34
932,4.7,4.02,4.71
933,4.0,3.68,4.37
934,4.2,3.68,4.37
935,4.1,4.1,4.79
936,4.1,3.64,4.33
937,3.7,3.73,4.42
938,3.9,4.05,4.74
939,3.4,3.78,4.46
940,4.3,3.49,4.18
941,4.9,3.9,4.58
942,4.0,3.75,4.44
943,4.3,3.89,4.57
944,4.7,3.75,4.43
945,4.3,4.03,4.71
946,4.0,3.73,4.42
947,4.5,4.05,4.74
948,4.5,3.76,4.45
949,4.0,3.49,4.18
950,3.4,3.55,4.24
951,4.6,3.74,4.43
952,4.0,3.57,4.25
953,4.8,3.99,4.67
954,4.7,3.81,4.5
955,4.5,3.64,4.33
956,5.0,3.91,4.6
957,4.7,3.94,4.63
958,4.3,3.72,4.41
959,5.0,3.87,4.56
960,4.3,3.73,4.42
961,3.9,3.73,4.42
962,4.5,3.91,4.6
963,3.0,3.81,4.5
964,4.3,3.78,4.47
965,4.7,4.18,4.87
966,2.9,3.75,4.44
967,3.4,3.74,4.43
968,4.0,3.85,4.54
969,4.8,3.88,4.56
970,4.4,3.78,4.46
971,3.4,3.78,4.46
972,4.8,3.85,4.54
973,4.0,3.75,4.44
974,4.4,3.99,4.68
975,4.5,3.83,4.52
976,4.2,3.7,4.39
977,2.8,3.75,4.43
978,3.7,4.02,4.71
979,4.4,3.84,4.53
980,4.6,3.71,4.39
981,4.1,3.73,4.42
982,4.0,3.96,4.65
983,4.2,4.21,4.9
984,4.1,3.92,4.61
985,4.1,3.83,4.52
986,4.3,3.89,4.58
987,4.4,3.87,4.55
988,4.0,3.82,4.51
989,4.3,3.7,4.39
990,4.4,-28768805398722.0,-28768805398721.31
991,4.4,3.97,4.66
992,3.3,3.74,4.43
993,4.8,3.77,4.46
994,4.1,3.77,4.46
995,4.6,3.87,4.56
996,4.2,3.78,4.47
997,4.2,4.05,4.74
998,4.5,3.74,4.43
999,4.8,3.99,4.68
1000,4.6,3.67,4.35
1001,4.3,3.87,4.56
1002,4.5,4.02,4.71
1003,4.4,3.81,4.5
1004,3.9,3.83,4.52
1005,5.0,4.19,4.88
1006,4.6,3.82,4.5
1007,3.6,3.74,4.43
1008,3.4,3.84,4.52
1009,4.1,3.73,4.42
1010,4.7,4.03,4.72
1011,3.1,3.61,4.3
1012,4.9,3.75,4.43
1013,4.6,4.19,4.88
1014,4.0,3.86,4.54
1015,4.2,3.78,4.47
1016,4.8,3.67,4.36
1017,4.3,3.77,4.45
1018,4.5,3.42,4.11
1019,4.2,3.62,4.31
1020,3.8,3.81,4.5
1021,4.0,3.65,4.34
1022,4.6,4.06,4.75
1023,4.5,3.51,4.2
1024,4.0,3.67,4.36
1025,4.2,3.77,4.46
1026,1.0,3.48,4.17
1027,4.0,4.06,4.75
1028,3.5,3.43,4.12
1029,3.7,3.69,4.38
1030,4.0,3.71,4.4
1031,4.7,3.96,4.65
1032,4.4,3.9,4.59
1033,4.4,3.8,4.49
1034,4.0,3.7,4.39
1035,3.7,3.74,4.43
1036,4.7,3.85,4.54
1037,4.4,3.95,4.64
1038,3.8,3.82,4.51
1039,4.4,3.52,4.21
1040,3.0,3.77,4.46
1041,3.7,3.74,4.43
1042,4.0,4.0,4.68
1043,4.8,3.72,4.41
1044,3.9,3.86,4.55
1045,4.1,4.34,5.02
1046,4.5,3.77,4.46
1047,3.3,3.73,4.42
1048,4.5,-1033039935215.76,-1033039935215.07
1049,4.2,3.76,4.45
1050,4.8,3.92,4.61
1051,4.4,3.67,4.36
1052,5.0,3.85,4.54
1053,4.9,3.78,4.47
1054,4.3,3.52,4.21
1055,4.8,3.94,4.63
1056,4.1,3.92,4.61
1057,3.5,3.73,4.42
1058,4.2,5462752842555.86,5462752842556.54
1059,4.4,3.57,4.26
1060,4.5,3.94,4.63
1061,4.5,3.9,4.59
1062,4.5,3.94,4.63
1063,4.5,3.78,4.47
1064,4.2,3.78,4.46
1065,5.0,3.68,4.37
1066,4.6,3.9,4.59
1067,3.9,3.96,4.65
1068,4.7,3.87,4.56
1069,3.8,3.74,4.43
1070,3.8,3.6,4.29
1071,4.5,4.02,4.71
1072,4.1,3.86,4.54
1073,4.3,3.75,4.44
1074,4.8,3.84,4.53
1075,4.1,3.7,4.39
1076,4.7,3.77,4.46
1077,4.3,3.92,4.61
1078,3.9,3.66,4.34
1079,3.7,3.6,4.29
1080,4.5,3.84,4.53
1081,3.0,3.78,4.46
1082,4.5,3.51,4.19
1083,5.0,4.2,4.89
1084,4.8,3.65,4.34
1085,4.8,3.88,4.57
1086,3.9,3.58,4.27
1087,3.9,3.95,4.64
1088,4.4,3.88,4.57
1089,4.4,3.81,4.5
1090,4.2,3.94,4.63
1091,4.3,3.77,4.46
1092,4.7,4.11,4.8
1093,4.0,3.71,4.39
1094,4.2,3.74,4.43
1095,4.2,3.92,4.61
1096,4.1,3.71,4.4
1097,4.2,3.66,4.34
1098,3.9,4.06,4.74
1099,3.9,3.95,4.64
1100,4.1,3.91,4.59
1101,4.4,3.79,4.48
1102,4.3,3.72,4.41
1103,3.8,3.9,4.58
1104,2.0,3.71,4.39
1105,5.0,3.88,4.57
1106,4.4,3.72,4.4
1107,4.5,4.02,4.71
1108,4.1,3.88,4.57
1109,5.0,3.94,4.63
1110,4.3,3.75,4.44
1111,4.5,3.89,4.58
1112,3.5,3.98,4.67
1113,2.9,3.5,4.19
1114,4.3,3.77,4.46
1115,2.8,3.86,4.55
1116,4.0,3.93,4.62
1117,4.3,3.59,4.28
1118,4.3,3.72,4.4
1119,4.1,3.75,4.43
1120,4.5,3.37,4.06
1121,4.0,3.65,4.34
1122,4.3,3.84,4.52
1123,4.2,3.98,4.67
1124,3.5,3.86,4.55
1125,3.9,3.85,4.54
1126,4.2,3.7,4.39
1127,1.9,3.73,4.42
1128,4.2,3.81,4.5
1129,4.5,3.92,4.61
1130,4.6,3.95,4.64
1131,4.8,4.04,4.73
1132,4.6,3.95,4.64
1133,3.8,3.96,4.65
1134,4.4,4.14,4.83
1135,4.7,3.92,4.61
1136,4.3,3.84,4.53
1137,3.8,3.7,4.39
1138,4.4,3.69,4.38
1139,4.2,3.78,4.46
1140,4.2,3.72,4.41
1141,5.0,3.78,4.46
1142,3.6,3.68,4.36
1143,4.9,3.74,4.43
1144,4.2,3.64,4.32
1145,4.6,4.04,4.72
1146,4.7,3.62,4.31
1147,4.0,4.07,4.75
1148,4.5,3.61,4.3
1149,4.0,3.94,4.63
1150,3.2,3.77,4.46
1151,4.4,4.07,4.75
1152,5.0,3.94,4.63
1153,4.5,3.67,4.36
1154,4.1,3.72,4.41
1155,4.2,3.61,4.3
1156,4.5,3.87,4.55
1157,4.4,3.71,4.4
1158,4.6,3.78,4.47
1159,4.5,3.77,4.45
1160,4.8,4.18,4.86
1161,3.5,3.77,4.46
1162,4.4,3.84,4.52
1163,4.8,3.85,4.54
1164,4.3,3.74,4.43
1165,4.5,3.71,4.4
1166,4.6,4.18,4.87
1167,2.0,3.51,4.2
1168,4.6,3.78,4.46
1169,4.7,3.77,4.45
1170,3.5,3.78,4.46
1171,4.7,4.1,4.79
1172,4.4,3.72,4.41
1173,4.6,4.06,4.75
1174,4.5,4.23,4.92
1175,3.9,4.12,4.81
1176,4.2,3.74,4.43
1177,4.5,3.77,4.46
1178,4.5,3.43,4.12
1179,4.2,3.74,4.43
1180,4.2,3.73,4.41
1181,3.2,3.92,4.61
1182,4.8,3.88,4.57
1183,4.2,3.77,4.46
1184,2.4,3.6,4.29
1185,4.3,3.72,4.41
1186,4.7,3.93,4.61
1187,3.2,3.87,4.55
1188,4.3,3.85,4.54
1189,4.4,3.78,4.47
1190,4.1,3.75,4.43
1191,4.6,3.75,4.44
1192,4.5,3.72,4.41
1193,2.9,3.51,4.2
1194,2.9,3.76,4.45
1195,4.5,3.74,4.43
1196,4.4,3.99,4.68
1197,4.1,3.64,4.33
1198,4.0,3.67,4.36
1199,4.3,3.7,4.39
1200,4.6,3.78,4.46
1201,4.4,3.58,4.27
1202,5.0,3.55,4.24
1203,4.1,3.85,4.53
1204,3.1,3.72,4.4
1205,4.4,3.89,4.58
1206,3.9,3.82,4.51
1207,2.3,3.98,4.67
1208,1.0,3.84,4.52
1209,4.0,3.71,4.4
1210,4.3,3.91,4.6
1211,4.6,4.02,4.71
1212,4.5,4.03,4.71
1213,4.4,3.96,4.65
1214,5.0,3.85,4.54
1215,4.5,4.04,4.72
1216,3.9,3.82,4.51
1217,4.6,3.89,4.58
1218,4.3,3.82,4.51
1219,3.5,3.71,4.4
1220,2.9,3.81,4.5
1221,4.1,3.7,4.39
1222,3.7,3.89,4.58
1223,3.9,3.88,4.57
1224,3.8,3.87,4.56
1225,4.6,4.17,4.86
1226,4.1,3.69,4.38
1227,4.0,3.73,4.42
1228,3.2,3.85,4.54
1229,4.6,3.78,4.47
1230,4.6,3.75,4.43
1231,4.0,3.72,4.41
1232,4.1,3.95,4.64
1233,4.7,3.99,4.68
1234,4.5,3.79,4.48
1235,3.5,3.63,4.31
1236,3.8,3.52,4.2
1237,4.3,3.89,4.58
1238,2.5,3.58,4.27
1239,3.4,3.86,4.55
1240,4.5,-28768805398722.31,-28768805398721.62
1241,4.5,3.57,4.26
1242,4.8,3.92,4.6
1243,4.3,3.66,4.35
1244,4.1,3.87,4.56
1245,4.4,3.82,4.51
1246,4.5,3.79,4.48
1247,4.6,3.59,4.28
1248,4.6,3.7,4.39
1249,4.2,3.86,4.55
1250,3.8,3.62,4.31
1251,3.4,3.64,4.32
1252,4.3,3.84,4.53
1253,4.4,3.92,4.61
1254,4.8,3.91,4.59
1255,3.8,3.93,4.61
1256,4.2,4.03,4.71
1257,4.6,3.83,4.52
1258,4.2,3.81,4.5
1259,4.3,4.0,4.69
1260,4.8,3.66,4.35
1261,2.6,3.72,4.41
1262,4.2,3.99,4.68
1263,3.9,4.01,4.7
1264,4.1,4.02,4.71
1265,3.8,3.85,4.54
1266,4.4,3.74,4.43
1267,4.4,3.69,4.38
1268,4.5,4.0,4.69
1269,4.7,3.81,4.5
1270,4.6,3.92,4.61
1271,4.4,3.82,4.51
1272,4.5,4.17,4.86
1273,4.5,3.76,4.45
1274,4.2,3.81,4.49
1275,3.7,3.86,4.54
1276,4.5,3.98,4.67
1277,3.9,3.81,4.5
1278,4.5,3.71,4.4
1279,4.2,3.97,4.66
1280,4.3,3.81,4.5
1281,4.6,3.8,4.49
1282,4.6,3.71,4.4
1283,4.5,3.94,4.63
1284,4.4,3.79,4.48
1285,4.0,3.94,4.63
1286,4.6,3.74,4.43
1287,4.8,3.89,4.57
1288,4.4,3.74,4.43
1289,4.7,3.78,4.46
1290,4.6,3.84,4.52
1291,3.8,3.92,4.61
1292,4.1,3.87,4.56
1293,4.1,3.8,4.49
1294,3.8,3.78,4.47
1295,3.5,3.71,4.4
1296,4.7,4.16,4.85
1297,4.5,4.0,4.68
1298,4.2,3.7,4.39
1299,4.1,3.78,4.47
1300,4.7,4.02,4.71
1301,4.0,3.66,4.35
1302,4.2,3.81,4.5
1303,4.7,3.78,4.46
1304,4.3,3.69,4.38
1305,4.1,4.03,4.71
1306,3.6,3.79,4.48
1307,3.8,4.05,4.74
1308,4.7,3.93,4.61
1309,3.9,3.9,4.59
1310,4.2,3.95,4.64
1311,4.3,3.7,4.39
1312,4.8,3.89,4.57
1313,4.8,3.94,4.63
1314,4.4,3.81,4.5
1315,4.3,3.7,4.39
1316,4.2,3.66,4.35
1317,4.8,3.75,4.44
1318,5.0,3.84,4.53
1319,4.6,3.88,4.57
1320,4.1,3.92,4.61
1321,3.6,3.87,4.55
1322,4.6,3.59,4.28
1323,4.5,3.83,4.52
1324,4.5,4.21,4.9
1325,3.6,3.89,4.58
1326,3.2,3.56,4.25
1327,4.5,3.72,4.41
1328,4.0,3.69,4.38
1329,4.0,3.51,4.2
1330,4.7,3.73,4.42
1331,4.8,3.82,4.51
1332,3.2,3.85,4.54
1333,4.3,3.92,4.6
1334,4.1,3.71,4.4
1335,4.0,3.9,4.59
1336,5.0,3.87,4.55
1337,4.4,3.74,4.42
1338,4.3,3.84,4.53
1339,4.8,3.77,4.45
1340,4.3,3.7,4.39
1341,3.9,3.79,4.48
1342,2.9,3.78,4.46
1343,4.8,4.0,4.69
1344,4.1,3.52,4.21
1345,4.5,3.64,4.32
1346,4.8,3.82,4.5
1347,4.1,3.65,4.34
1348,3.9,3.71,4.39
1349,4.7,4.05,4.74
1350,3.5,3.89,4.58
1351,4.3,3.66,4.35
1352,4.7,4.14,4.83
1353,4.7,3.78,4.46
1354,3.7,3.74,4.43
1355,4.3,3.65,4.34
1356,5.0,3.79,4.48
1357,3.9,3.78,4.46
1358,3.5,4.18,4.86
1359,4.6,3.91,4.6
1360,3.8,3.96,4.64
1361,4.3,3.51,4.2
1362,4.2,3.76,4.45
1363,4.2,3.86,4.55
1364,3.2,3.84,4.53
1365,4.1,3.62,4.3
1366,3.7,3.8,4.49
1367,4.6,3.96,4.65
1368,3.9,3.82,4.5
1369,3.6,3.73,4.42
1370,4.7,3.85,4.54
1371,4.1,3.66,4.35
1372,4.4,3.51,4.2
1373,4.6,3.82,4.51
1374,3.9,3.83,4.52
1375,3.5,3.6,4.29
1376,4.6,3.64,4.32
1377,5.0,3.94,4.63
1378,4.2,3.44,4.13
1379,3.7,3.56,4.25
1380,4.7,4.06,4.75
1381,4.7,3.84,4.53
1382,4.0,4.05,4.73
1383,4.3,3.51,4.2
1384,4.3,3.88,4.57
1385,4.6,3.83,4.51
1386,4.1,3.67,4.36
1387,4.3,3.94,4.63
1388,3.8,4.0,4.69
1389,5.0,3.66,4.34
1390,4.3,3.69,4.38
1391,4.2,3.95,4.64
1392,4.4,3.68,4.37
1393,3.2,3.77,4.46
1394,3.7,3.93,4.62
1395,4.8,4.19,4.87
1396,4.3,3.74,4.43
1397,4.8,3.75,4.44
1398,4.7,3.75,4.44
1399,4.5,3.72,4.41
1400,4.5,3.76,4.45
1401,4.4,3.91,4.6
1402,4.6,3.83,4.52
1403,4.0,3.71,4.39
1404,4.5,3.8,4.48
1405,4.0,3.76,4.45
1406,4.0,3.44,4.13
1407,3.6,3.79,4.48
1408,4.6,3.87,4.56
1409,4.1,3.63,4.32
1410,4.6,3.78,4.47
1411,4.0,3.92,4.61
1412,4.6,3.92,4.61
1413,4.2,3.86,4.55
1414,4.4,3.95,4.64
1415,4.6,3.73,4.42
1416,4.5,3.9,4.59
1417,4.6,4.13,4.81
1418,4.7,3.91,4.6
1419,4.0,3.7,4.39
1420,4.2,3.71,4.4
1421,3.7,4.01,4.7
1422,5.0,3.85,4.54
1423,4.5,3.39,4.07
1424,3.7,3.86,4.54
1425,4.7,3.79,4.48
1426,4.5,4.03,4.72
1427,4.2,4.11,4.8
1428,4.6,4.07,4.75
1429,4.3,3.6,4.28
1430,4.3,4.1,4.79
1431,4.6,3.78,4.47
1432,4.3,3.92,4.61
1433,4.7,4.03,4.71
1434,4.2,3.76,4.45
1435,4.3,3.84,4.53
1436,4.4,3.84,4.53
1437,4.1,3.84,4.53
1438,3.5,3.79,4.47
1439,3.8,3.93,4.61
1440,3.7,3.96,4.65
1441,4.4,4.13,4.82
1442,2.5,3.63,4.32
1443,4.5,3.8,4.49
1444,4.5,3.39,4.08
1445,3.9,3.52,4.2
1446,3.2,3.77,4.46
1447,3.8,3.78,4.47
1448,4.3,4.04,4.73
1449,4.6,3.88,4.57
1450,4.4,3.95,4.64
1451,4.8,4.05,4.74
1452,4.4,4.05,4.74
1453,4.2,3.84,4.53
1454,4.1,4.07,4.76
1455,4.0,3.7,4.39
1456,4.4,4.05,4.74
1457,5.0,3.85,4.54
1458,4.3,3.96,4.65
1459,4.4,3.68,4.37
1460,3.9,3.96,4.65
1461,4.2,3.97,4.66
1462,4.2,3.66,4.34
1463,4.4,3.96,4.65
1464,4.0,3.77,4.45
1465,4.3,3.59,4.28
1466,4.2,3.59,4.28
1467,4.2,4.03,4.71
1468,4.8,3.8,4.49
1469,4.5,3.88,4.57
1470,3.4,3.96,4.64
1471,3.6,3.67,4.36
1472,4.5,4.2,4.89
1473,3.6,3.55,4.24
1474,3.9,3.73,4.42
1475,4.6,3.69,4.38
1476,3.8,3.79,4.48
1477,3.6,3.88,4.57
1478,4.8,3.85,4.53
1479,5.0,3.87,4.56
1480,4.6,3.78,4.47
1481,3.2,3.75,4.43
1482,4.1,3.6,4.29
1483,4.5,3.66,4.34
1484,4.5,-28768805398722.34,-28768805398721.65
1485,4.4,3.39,4.07
1486,3.7,3.88,4.57
1487,3.7,3.85,4.54
1488,4.2,3.88,4.57
1489,4.2,3.7,4.39
1490,4.6,3.69,4.38
1491,4.1,3.82,4.51
1492,4.0,3.62,4.31
1493,4.9,3.44,4.13
1494,4.5,3.7,4.39
1495,4.2,3.73,4.42
1496,4.0,3.88,4.57
1497,4.3,3.67,4.36
1498,4.8,3.88,4.57
1499,4.9,4.23,4.92
1500,4.1,3.81,4.5
1501,3.0,3.79,4.47
1502,4.1,4.0,4.69
1503,5.0,3.92,4.61
1504,4.3,3.7,4.38
1505,4.8,3.98,4.67
1506,4.5,3.66,4.35
1507,4.1,3.75,4.44
1508,4.3,3.78,4.47
1509,4.2,3.61,4.3
1510,4.3,3.83,4.52
1511,4.1,4.02,4.71
1512,3.8,3.59,4.27
1513,4.6,3.86,4.54
1514,4.3,3.85,4.54
1515,4.4,4.18,4.87
1516,2.6,3.9,4.59
1517,4.5,3.83,4.52
1518,4.4,3.78,4.47
1519,4.4,3.77,4.46
1520,4.3,3.92,4.61
1521,4.9,3.83,4.52
1522,4.8,3.8,4.49
1523,4.5,3.73,4.42
1524,4.2,3.98,4.67
1525,4.3,3.69,4.38
1526,3.9,3.65,4.34
1527,4.7,3.61,4.29
1528,4.5,4.05,4.74
1529,4.2,4.13,4.82
1530,4.3,3.79,4.48
1531,4.6,3.91,4.6
1532,4.2,3.62,4.31
1533,4.4,3.96,4.65
1534,5.0,3.84,4.52
1535,4.5,3.88,4.57
1536,1.0,3.71,4.4
1537,4.1,3.67,4.36
1538,4.0,3.75,4.43
1539,5.0,3.66,4.35
1540,5.0,4.02,4.71
1541,4.3,3.87,4.56
1542,4.6,3.72,4.41
1543,4.1,4.02,4.71
1544,4.6,3.57,4.25
1545,4.5,3.79,4.48
1546,3.6,3.71,4.39
1547,4.1,3.78,4.47
1548,4.1,4.02,4.71
1549,5.0,3.91,4.59
1550,4.2,3.79,4.48
1551,4.6,3.77,4.46
1552,4.0,3.99,4.68
1553,3.3,3.78,4.46
1554,3.0,3.56,4.25
1555,4.4,3.84,4.53
1556,4.0,3.95,4.64
1557,4.3,3.68,4.37
1558,4.3,3.7,4.39
1559,4.4,3.79,4.48
1560,4.5,3.92,4.61
1561,3.9,3.73,4.42
1562,4.6,3.73,4.42
1563,4.8,3.9,4.59
1564,4.5,4.12,4.8
1565,4.8,3.81,4.5
1566,4.2,3.75,4.44
1567,4.5,3.85,4.54
1568,4.4,3.85,4.54
1569,4.7,3.81,4.49
1570,3.8,4.03,4.71
1571,4.2,3.8,4.49
1572,4.6,3.94,4.63
1573,4.2,3.59,4.27
1574,3.9,3.92,4.61
1575,4.7,3.75,4.44
1576,3.5,3.94,4.63
1577,3.7,3.76,4.45
1578,3.7,3.82,4.51
1579,3.7,3.8,4.49
1580,3.9,3.77,4.45
1581,4.3,3.96,4.65
1582,4.6,3.5,4.19
1583,4.5,3.87,4.55
1584,4.2,3.73,4.42
1585,4.3,3.73,4.42
1586,3.4,3.5,4.18
1587,4.7,3.69,4.38
1588,4.7,3.85,4.54
1589,4.3,3.78,4.47
1590,4.0,3.85,4.53
1591,4.7,3.85,4.54
1592,4.0,4.27,4.96
1593,4.2,3.52,4.21
1594,4.3,4.07,4.75
1595,3.9,3.68,4.37
1596,4.3,3.88,4.57
1597,4.5,3.81,4.5
1598,4.4,4.12,4.81
1599,4.7,3.67,4.36
1600,4.2,3.62,4.3
1601,4.1,3.97,4.66
1602,4.0,3.74,4.43
1603,4.6,3.94,4.62
1604,4.1,3.86,4.55
1605,4.0,4.02,4.71
1606,4.2,3.74,4.43
1607,4.3,3.68,4.36
1608,3.6,3.84,4.53
1609,4.1,3.73,4.42
1610,4.2,3.89,4.58
1611,5.0,3.76,4.44
1612,3.6,3.73,4.42
1613,4.7,3.74,4.43
1614,3.5,3.36,4.05
1615,4.7,3.74,4.43
1616,4.2,3.8,4.49
1617,4.2,3.89,4.57
1618,4.2,4.05,4.73
1619,3.0,3.66,4.35
1620,4.7,3.86,4.54
1621,4.1,4.0,4.69
1622,4.0,3.85,4.54
1623,3.8,3.98,4.67
1624,4.3,3.92,4.61
1625,3.7,3.8,4.49
1626,3.9,3.62,4.31
1627,3.2,3.79,4.48
1628,3.5,3.81,4.5
1629,4.6,3.95,4.64
1630,4.7,3.77,4.45
1631,4.7,3.92,4.61
1632,4.6,3.81,4.5
1633,4.1,4.02,4.71
1634,4.8,-117567965706304.77,-117567965706304.06
1635,4.0,3.57,4.26
1636,4.4,3.89,4.58
1637,4.5,4.0,4.69
1638,4.4,3.66,4.34
1639,4.5,3.64,4.33
1640,4.4,3.82,4.51
1641,4.2,4.14,4.82
1642,5.0,3.87,4.56
1643,3.5,3.74,4.43
1644,4.3,3.86,4.55
1645,4.0,3.79,4.48
1646,4.4,3.79,4.48
1647,4.3,3.78,4.47
1648,4.1,3.66,4.34
1649,4.4,3.64,4.33
1650,4.2,3.71,4.39
1651,4.2,3.68,4.36
1652,4.5,3.94,4.63
1653,4.2,3.82,4.51
1654,5.0,3.75,4.44
1655,4.5,4.19,4.87
1656,4.4,3.74,4.43
1657,4.1,3.85,4.54
1658,3.8,3.85,4.54
1659,2.8,3.77,4.46
1660,4.1,4.04,4.73
1661,4.3,3.63,4.32
1662,4.2,3.69,4.37
1663,3.9,3.8,4.49
1664,4.2,3.96,4.65
1665,3.9,3.85,4.54
1666,3.9,3.77,4.46
1667,4.9,3.48,4.17
1668,4.0,3.7,4.39
1669,4.1,3.83,4.52
1670,5.0,3.95,4.64
1671,4.5,3.65,4.34
1672,4.4,3.5,4.18
1673,3.2,3.54,4.23
1674,4.3,3.83,4.52
1675,4.4,3.65,4.34
1676,4.8,3.66,4.35
1677,3.4,3.91,4.6
1678,4.8,4.05,4.74
1679,4.2,3.66,4.35
1680,4.7,3.66,4.34
1681,4.5,3.88,4.57
1682,4.3,3.87,4.56
1683,5.0,3.72,4.41
1684,4.3,4.02,4.71
1685,4.2,3.57,4.26
1686,4.0,3.76,4.45
1687,4.7,3.86,4.54
1688,4.2,3.67,4.35
1689,3.8,3.94,4.63
1690,4.8,3.71,4.4
1691,4.3,3.82,4.5
1692,3.9,3.61,4.3
1693,4.0,3.89,4.58
1694,2.7,3.68,4.37
1695,3.5,3.8,4.49
1696,4.1,3.74,4.43
1697,3.9,4.03,4.72
1698,4.3,3.83,4.52
1699,4.4,4.08,4.77
1700,3.9,3.54,4.23
1701,4.0,3.86,4.54
1702,4.0,3.77,4.46
1703,4.4,3.62,4.31
1704,4.1,3.77,4.46
1705,5.0,3.82,4.5
1706,3.2,3.68,4.36
1707,4.5,3.78,4.47
1708,4.5,3.99,4.68
1709,4.2,3.9,4.59
1710,4.1,4.04,4.73
1711,4.3,3.96,4.64
1712,5.0,3.6,4.29
1713,2.9,3.66,4.35
1714,4.7,3.98,4.67
1715,4.5,3.86,4.55
1716,3.1,3.79,4.48
1717,4.3,3.75,4.44
1718,4.2,3.5,4.18
1719,4.6,3.98,4.67
1720,5.0,3.83,4.52
1721,2.8,3.92,4.61
1722,4.6,3.92,4.61
1723,4.7,3.74,4.43
1724,4.6,3.75,4.44
1725,4.2,3.87,4.55
1726,4.1,4.15,4.84
1727,4.2,3.62,4.31
1728,4.3,4.02,4.71
1729,4.8,3.69,4.38
1730,5.0,3.95,4.64
1731,4.3,3.79,4.48
1732,4.4,4.06,4.75
1733,4.0,3.81,4.5
1734,4.1,3.97,4.66
1735,2.5,3.67,4.36
1736,4.8,3.92,4.61
1737,3.5,3.79,4.48
1738,4.3,3.66,4.34
1739,3.2,3.68,4.36
1740,4.4,3.81,4.49
1741,3.6,3.94,4.63
1742,4.4,3.67,4.36
1743,4.4,3.7,4.39
1744,4.5,3.71,4.4
1745,3.9,3.82,4.5
1746,3.6,3.86,4.55
1747,4.7,4.06,4.74
1748,4.2,3.61,4.3
1749,4.0,3.77,4.46
1750,4.7,4.06,4.75
1751,3.9,3.59,4.28
1752,4.1,3.86,4.55
1753,3.1,3.83,4.52
1754,4.2,3.64,4.33
1755,4.0,3.7,4.39
1756,3.6,3.91,4.59
1757,4.6,3.97,4.66
1758,4.1,3.74,4.43
1759,4.2,3.87,4.56
1760,4.5,4.02,4.71
1761,5.0,3.73,4.41
1762,3.8,3.71,4.4
1763,3.8,3.62,4.3
1764,3.8,3.69,4.38
1765,3.6,3.53,4.22
1766,4.3,3.71,4.39
1767,4.8,3.86,4.55
1768,4.2,3.74,4.43
1769,4.1,3.87,4.56
1770,4.4,3.78,4.47
1771,3.5,3.68,4.36
1772,4.2,3.8,4.48
1773,4.2,3.99,4.68
1774,4.5,3.97,4.66
1775,4.2,3.71,4.39
1776,3.8,3.59,4.28
1777,4.3,3.74,4.43
1778,4.2,3.55,4.24
1779,4.4,4.07,4.76
1780,4.3,3.98,4.67
1781,3.6,3.52,4.21
1782,4.0,3.6,4.29
1783,4.0,3.95,4.63
1784,4.2,3.7,4.39
1785,3.5,3.82,4.5
1786,2.0,3.81,4.5
1787,4.0,3.7,4.39
1788,3.0,3.7,4.39
1789,4.2,3.88,4.56
1790,4.3,3.87,4.55
1791,4.5,4.03,4.72
1792,4.0,3.75,4.43
1793,4.4,4.05,4.74
1794,4.2,3.81,4.5
1795,4.3,4.03,4.71
1796,2.4,3.79,4.48
1797,3.8,3.73,4.42
1798,4.0,3.93,4.62
1799,4.0,3.78,4.47
1800,4.5,4.0,4.69
1801,4.4,3.86,4.54
1802,4.2,3.75,4.44
1803,3.5,3.51,4.2
1804,4.2,3.77,4.45
1805,4.6,3.43,4.12
1806,4.5,3.61,4.3
1807,4.1,3.97,4.66
1808,4.2,3.78,4.47
1809,4.4,4.09,4.77
1810,4.4,4.04,4.72
1811,3.3,3.68,4.36
1812,4.7,3.87,4.56
1813,4.8,3.92,4.61
1814,4.4,3.96,4.65
1815,4.9,3.79,4.48
1816,4.4,3.64,4.33
1817,4.5,3.94,4.63
1818,4.0,3.94,4.63
1819,4.2,4.02,4.71
1820,4.2,3.51,4.2
1821,4.2,3.91,4.6
1822,4.5,3.8,4.49
1823,4.7,3.71,4.4
1824,4.7,3.99,4.67
1825,4.4,3.57,4.26
1826,4.2,3.61,4.3
1827,3.3,3.88,4.57
1828,4.5,3.73,4.41
1829,4.9,3.9,4.59
1830,4.2,3.69,4.37
1831,4.9,3.78,4.47
1832,4.3,3.94,4.63
1833,4.1,3.94,4.63
1834,3.5,3.82,4.51
1835,4.4,3.72,4.41
1836,4.1,3.65,4.34
1837,3.8,3.77,4.46
1838,3.9,3.58,4.27
1839,4.4,3.91,4.6
1840,4.0,4.25,4.94
1841,3.4,3.77,4.45
1842,4.3,4.11,4.8
1843,4.5,4.18,4.86
1844,4.7,3.67,4.36
1845,4.3,3.94,4.63
1846,2.4,3.87,4.56
1847,3.1,3.59,4.28
1848,4.6,5.52,6.21
1849,3.2,3.89,4.58
1850,4.2,4.15,4.84
1851,4.0,3.77,4.46
1852,4.6,4.17,4.86
1853,3.3,3.66,4.35
1854,4.1,3.93,4.62
1855,4.7,3.9,4.59
1856,4.5,3.86,4.55
1857,4.1,3.89,4.58
1858,4.0,3.95,4.64
1859,3.9,3.65,4.33
1860,4.8,3.72,4.41
1861,4.6,3.87,4.56
1862,4.2,3.43,4.12
1863,4.3,3.61,4.3
1864,3.8,4.1,4.79
1865,2.7,3.92,4.61
1866,4.6,3.79,4.48
1867,5.0,3.66,4.35
1868,4.5,3.83,4.52
1869,4.0,3.69,4.38
1870,3.9,3.74,4.43
1871,3.6,3.64,4.33
1872,4.4,3.31,4.0
1873,3.8,4.2,4.89
1874,4.0,3.78,4.46
1875,4.6,3.82,4.5
1876,4.5,4.15,4.83
1877,4.4,3.95,4.64
1878,4.2,3.69,4.38
1879,3.9,3.77,4.46
1880,3.8,3.85,4.54
1881,4.5,4.1,4.79
1882,3.9,3.87,4.55
1883,4.6,3.9,4.59
1884,4.6,3.71,4.39
1885,2.6,3.83,4.52
1886,4.4,3.76,4.45
1887,4.1,3.7,4.39
1888,4.4,3.86,4.54
1889,4.3,4.01,4.7
1890,3.9,3.84,4.53
1891,4.5,3.75,4.43
1892,4.5,3.87,4.56
1893,4.6,3.84,4.53
1894,3.3,3.68,4.37
1895,4.6,3.78,4.47
1896,3.9,3.62,4.31
1897,4.3,3.8,4.49
1898,4.5,3.99,4.68
1899,4.0,3.65,4.34
1900,4.1,3.84,4.53
1901,3.5,3.8,4.49
1902,4.0,3.62,4.31
1903,3.7,3.78,4.47
1904,4.1,3.96,4.65
1905,4.6,3.86,4.54
1906,4.6,3.94,4.63
1907,4.3,3.66,4.35
1908,3.1,3.66,4.35
1909,2.3,3.76,4.45
1910,4.2,3.86,4.55
1911,3.9,3.57,4.25
1912,5.0,3.74,4.43
1913,4.5,3.69,4.38
1914,2.3,3.95,4.64
1915,4.2,3.77,4.45
1916,4.0,3.87,4.56
1917,4.0,3.81,4.5
1918,4.1,3.97,4.66
1919,4.7,3.61,4.3
1920,4.0,3.91,4.6
1921,3.4,3.82,4.51
1922,4.3,3.87,4.56
1923,4.2,3.94,4.63
1924,4.1,4.12,4.81
1925,4.5,3.85,4.54
1926,4.4,3.76,4.45
1927,4.1,4.05,4.74
1928,4.6,4.01,4.7
1929,4.9,3.77,4.46
1930,4.4,3.66,4.35
1931,5.0,3.74,4.43
1932,4.2,3.79,4.48
1933,4.7,3.87,4.56
1934,4.4,3.71,4.39
1935,4.2,3.93,4.62
1936,4.6,3.78,4.47
1937,4.0,3.84,4.53
1938,4.4,3.86,4.55
1939,4.0,3.79,4.48
1940,3.5,3.73,4.42
1941,3.5,3.83,4.52
1942,4.2,3.94,4.63
1943,3.8,3.87,4.56
1944,4.4,3.62,4.3
1945,4.2,3.82,4.51
1946,4.2,3.71,4.4
1947,4.7,3.75,4.44
1948,4.1,3.93,4.62
1949,4.0,3.92,4.61
1950,4.8,3.95,4.64
1951,4.4,3.86,4.54
1952,3.3,3.65,4.34
1953,4.3,3.63,4.32
1954,4.8,3.81,4.5
1955,4.4,3.76,4.45
1956,3.4,3.67,4.36
1957,4.4,3.86,4.54
1958,4.0,3.61,4.3
1959,4.7,3.57,4.25
1960,4.1,3.85,4.54
1961,4.6,3.9,4.59
1962,4.2,3.91,4.59
1963,4.8,4.19,4.88
1964,4.6,3.9,4.59
1965,4.4,5462752842555.64,5462752842556.33
1966,3.7,3.68,4.37
1967,4.2,3.53,4.22
1968,4.2,3.81,4.5
1969,5.0,3.58,4.27
1970,3.7,3.82,4.51
1971,4.5,3.95,4.63
1972,4.2,4.08,4.77
1973,4.2,3.74,4.43
1974,4.2,3.92,4.61
1975,4.6,3.82,4.5
1976,4.1,3.7,4.39
1977,4.4,3.94,4.63
1978,4.9,3.85,4.54
1979,3.4,3.87,4.55
1980,4.2,3.77,4.45
1981,4.3,3.83,4.52
1982,4.6,3.5,4.19
1983,3.8,3.66,4.35
1984,4.7,3.5,4.18
1985,5.0,4.11,4.8
1986,2.9,3.63,4.32
1987,4.2,3.55,4.23
1988,4.6,3.79,4.48
1989,4.4,3.66,4.34
1990,4.4,3.98,4.67
1991,4.2,3.71,4.4
1992,5.0,3.85,4.54
1993,3.2,3.58,4.27
1994,4.4,3.82,4.5
1995,3.8,3.86,4.55
1996,4.4,4.1,4.79
1997,4.5,3.69,4.37
1998,4.4,3.62,4.3
1999,4.0,3.76,4.45
2000,4.4,3.8,4.49
2001,4.4,4.02,4.7
2002,5.0,3.84,4.53
2003,3.3,3.65,4.33
2004,4.7,4.12,4.81
2005,4.0,3.66,4.35
2006,3.9,3.65,4.34
2007,4.3,3.95,4.63
2008,4.5,3.88,4.56
2009,4.7,3.77,4.46
2010,4.3,3.95,4.63
2011,4.2,3.91,4.6
2012,4.2,3.77,4.46
2013,3.5,3.65,4.34
2014,4.3,3.57,4.26
2015,4.3,3.79,4.47
2016,4.4,3.77,4.46
2017,3.4,4.19,4.88
2018,3.4,3.9,4.59
2019,5.0,3.95,4.64
2020,4.5,3.63,4.32
2021,4.5,3.94,4.63
2022,4.0,3.8,4.49
2023,4.7,3.82,4.5
2024,3.6,3.76,4.45
2025,3.6,3.78,4.47
2026,3.6,3.64,4.33
2027,4.3,3.78,4.46
2028,3.8,3.85,4.53
2029,4.2,3.76,4.45
2030,4.1,3.96,4.65
2031,5.0,4.19,4.88
2032,4.5,3.95,4.64
2033,4.5,3.76,4.45
2034,4.2,3.84,4.53
2035,4.5,3.68,4.37
2036,4.6,3.79,4.48
2037,3.6,3.68,4.37
2038,4.4,3.95,4.64
2039,3.4,3.75,4.43
2040,2.9,3.75,4.43
2041,4.5,4.09,4.78
2042,4.3,3.81,4.5
2043,2.6,3.74,4.43
2044,4.0,3.98,4.67
2045,4.7,3.75,4.44
2046,4.6,3.78,4.46
2047,4.4,3.82,4.51
2048,3.3,3.62,4.3
2049,5.0,3.89,4.57
2050,3.0,3.88,4.57
2051,4.2,3.65,4.34
2052,4.0,4.03,4.71
2053,3.5,3.68,4.36
2054,4.4,3.82,4.51
2055,4.7,3.71,4.4
2056,4.5,3.97,4.66
2057,4.0,3.53,4.22
2058,4.3,4.1,4.78
2059,4.1,3.73,4.42
2060,4.4,3.99,4.68
2061,3.4,3.89,4.58
2062,4.9,3.81,4.5
2063,4.4,3.75,4.43
2064,5.0,3.84,4.53
2065,4.1,3.8,4.49
2066,4.7,3.66,4.35
2067,4.3,3.98,4.67
2068,4.4,4.06,4.74
2069,4.2,3.57,4.25
2070,4.5,3.8,4.49
2071,4.3,3.9,4.59
2072,4.4,3.92,4.61
2073,4.1,3.7,4.39
2074,4.5,3.88,4.57
2075,3.7,3.83,4.52
2076,4.3,3.88,4.57
2077,3.9,3.72,4.41
2078,4.0,3.67,4.36
2079,4.3,3.39,4.08
2080,4.2,3.78,4.47
2081,4.7,4.11,4.8
2082,4.4,3.72,4.41
2083,4.8,3.86,4.55
2084,5.0,3.88,4.57
2085,4.4,4.06,4.75
2086,4.2,3.63,4.32
2087,4.0,3.87,4.56
2088,3.8,3.83,4.52
2089,4.6,3.87,4.56
2090,4.3,3.68,4.37
2091,3.3,4.03,4.72
2092,4.4,3.85,4.53
2093,4.3,3.79,4.47
2094,3.8,3.96,4.64
2095,3.0,3.53,4.21
2096,4.4,3.79,4.48
2097,3.4,3.67,4.35
2098,3.0,3.66,4.35
2099,4.4,3.87,4.56
2100,4.1,3.9,4.59
2101,4.2,3.7,4.39
2102,2.7,3.69,4.38
2103,4.4,3.98,4.67
2104,4.2,3.93,4.61
2105,4.1,3.71,4.4
2106,4.1,3.69,4.38
2107,4.0,3.78,4.46
2108,4.9,3.57,4.26
